{"cameraMode":{"drawMode":0,"name":"Shaded","section":"Shading Mode"},"sceneLighting":false,"audioPlay":false,"sceneViewState":{"showFog":true,"showMaterialUpdate":true,"showSkybox":false,"showFlares":true,"showImageEffects":true,"showParticleSystems":true,"showVisualEffectGraphs":true,"m_FxEnabled":true},"in2DMode":false,"pivot":{"x":382.9278259277344,"y":247.1807403564453,"z":607.67431640625},"rotation":{"x":0.021302254870533944,"y":0.023987939581274987,"z":-0.0005134686944074929,"w":0.9994907975196838},"size":12.12435531616211,"orthographic":false}