{"cameraMode":{"drawMode":0,"name":"Shaded","section":"Shading Mode"},"sceneLighting":true,"audioPlay":false,"sceneViewState":{"showFog":true,"showMaterialUpdate":true,"showSkybox":false,"showFlares":true,"showImageEffects":true,"showParticleSystems":true,"showVisualEffectGraphs":true,"m_FxEnabled":true},"in2DMode":false,"pivot":{"x":17.078346252441408,"y":39.16313934326172,"z":-48.803749084472659},"rotation":{"x":-0.3493109941482544,"y":-0.11524064838886261,"z":0.043884050101041797,"w":-0.9290233254432678},"size":12.461819648742676,"orthographic":false}