{"cameraMode":{"drawMode":0,"name":"Shaded","section":"Shading Mode"},"sceneLighting":false,"audioPlay":false,"sceneViewState":{"showFog":true,"showMaterialUpdate":true,"showSkybox":false,"showFlares":true,"showImageEffects":true,"showParticleSystems":true,"showVisualEffectGraphs":true,"m_FxEnabled":true},"in2DMode":false,"pivot":{"x":184.31320190429688,"y":75.00382232666016,"z":-106.88938903808594},"rotation":{"x":-0.08263815194368363,"y":0.10367818176746369,"z":-0.0053957486525177959,"w":-0.9916109442710877},"size":223.03053283691407,"orthographic":false}