{"cameraMode":{"drawMode":0,"name":"Shaded","section":"Shading Mode"},"sceneLighting":false,"audioPlay":false,"sceneViewState":{"showFog":true,"showMaterialUpdate":true,"showSkybox":false,"showFlares":true,"showImageEffects":true,"showParticleSystems":true,"showVisualEffectGraphs":true,"m_FxEnabled":true},"in2DMode":false,"pivot":{"x":435.7920837402344,"y":265.9441223144531,"z":-155.83126831054688},"rotation":{"x":-0.018293999135494233,"y":-0.0070343236438930038,"z":0.003309153253212571,"w":-1.000252604484558},"size":174.31639099121095,"orthographic":false}