{"cameraMode":{"drawMode":0,"name":"Shaded","section":"Shading Mode"},"sceneLighting":true,"audioPlay":false,"sceneViewState":{"showFog":true,"showMaterialUpdate":true,"showSkybox":false,"showFlares":true,"showImageEffects":true,"showParticleSystems":true,"showVisualEffectGraphs":true,"m_FxEnabled":true},"in2DMode":false,"pivot":{"x":321.1556701660156,"y":211.7394561767578,"z":-88.18862915039063},"rotation":{"x":0.01980867236852646,"y":-0.0030039444100111725,"z":0.00005725082155549899,"w":0.9998037815093994},"size":231.39776611328126,"orthographic":false}