{"cameraMode":{"drawMode":0,"name":"Shaded","section":"Shading Mode"},"sceneLighting":true,"audioPlay":false,"sceneViewState":{"showFog":true,"showMaterialUpdate":true,"showSkybox":false,"showFlares":true,"showImageEffects":true,"showParticleSystems":true,"showVisualEffectGraphs":true,"m_FxEnabled":true},"in2DMode":false,"pivot":{"x":-0.31154632568359377,"y":-4.151153564453125,"z":1.4211692810058594},"rotation":{"x":-0.008387803100049496,"y":0.9688887596130371,"z":-0.24513885378837586,"w":-0.03314822539687157},"size":20.86743927001953,"orthographic":false}