{"cameraMode":{"drawMode":0,"name":"Shaded","section":"Shading Mode"},"sceneLighting":false,"audioPlay":false,"sceneViewState":{"showFog":true,"showMaterialUpdate":true,"showSkybox":false,"showFlares":true,"showImageEffects":true,"showParticleSystems":true,"showVisualEffectGraphs":true,"m_FxEnabled":true},"in2DMode":false,"pivot":{"x":405.3990783691406,"y":235.38026428222657,"z":-161.79196166992188},"rotation":{"x":0.005676940083503723,"y":0.004893220495432615,"z":0.003208088455721736,"w":-1.0004162788391114},"size":173.25955200195313,"orthographic":false}