{"cameraMode":{"drawMode":0,"name":"Shaded","section":"Shading Mode"},"sceneLighting":true,"audioPlay":false,"sceneViewState":{"showFog":true,"showMaterialUpdate":true,"showSkybox":false,"showFlares":true,"showImageEffects":true,"showParticleSystems":true,"showVisualEffectGraphs":true,"m_FxEnabled":true},"in2DMode":false,"pivot":{"x":88.35769653320313,"y":2.6493453979492189,"z":-121.64590454101563},"rotation":{"x":0.09751999378204346,"y":0.05222080647945404,"z":-0.005126668605953455,"w":0.9938551783561707},"size":126.39361572265625,"orthographic":false}