{"cameraMode":{"drawMode":0,"name":"Shaded","section":"Shading Mode"},"sceneLighting":true,"audioPlay":false,"sceneViewState":{"showFog":true,"showMaterialUpdate":true,"showSkybox":false,"showFlares":true,"showImageEffects":true,"showParticleSystems":true,"showVisualEffectGraphs":true,"m_FxEnabled":true},"in2DMode":false,"pivot":{"x":489.9401550292969,"y":259.0366516113281,"z":461.7628173828125},"rotation":{"x":0.010809829458594323,"y":-0.0015044644242152572,"z":0.000014035472304385621,"w":0.9999451637268066},"size":611.5432739257813,"orthographic":false}