{"cameraMode":{"drawMode":0,"name":"Shaded","section":"Shading Mode"},"sceneLighting":false,"audioPlay":false,"sceneViewState":{"showFog":true,"showMaterialUpdate":true,"showSkybox":false,"showFlares":true,"showImageEffects":true,"showParticleSystems":true,"showVisualEffectGraphs":true,"m_FxEnabled":true},"in2DMode":false,"pivot":{"x":413.655517578125,"y":224.97601318359376,"z":-161.84744262695313},"rotation":{"x":-0.00929109938442707,"y":-0.007063859608024359,"z":0.003245923202484846,"w":-1.0003759860992432},"size":189.20376586914063,"orthographic":false}