{"cameraMode":{"drawMode":0,"name":"Shaded","section":"Shading Mode"},"sceneLighting":false,"audioPlay":false,"sceneViewState":{"showFog":true,"showMaterialUpdate":true,"showSkybox":false,"showFlares":true,"showImageEffects":true,"showParticleSystems":true,"showVisualEffectGraphs":true,"m_FxEnabled":true},"in2DMode":false,"pivot":{"x":15.153499603271485,"y":159.55642700195313,"z":-115.23414611816406},"rotation":{"x":-0.20335271954536439,"y":-0.08697354793548584,"z":0.02139279805123806,"w":-0.9754632711410523},"size":128.3306427001953,"orthographic":false}