{"cameraMode":{"drawMode":0,"name":"Shaded","section":"Shading Mode"},"sceneLighting":true,"audioPlay":false,"sceneViewState":{"showFog":true,"showMaterialUpdate":true,"showSkybox":false,"showFlares":true,"showImageEffects":true,"showParticleSystems":true,"showVisualEffectGraphs":true,"m_FxEnabled":true},"in2DMode":false,"pivot":{"x":0.5254583954811096,"y":4.532656192779541,"z":-2.2723841667175295},"rotation":{"x":0.4672190546989441,"y":-0.02440347708761692,"z":0.012897768057882786,"w":0.8837864398956299},"size":2.1822099685668947,"orthographic":false}