{"cameraMode":{"drawMode":0,"name":"Shaded","section":"Shading Mode"},"sceneLighting":true,"audioPlay":false,"sceneViewState":{"showFog":true,"showMaterialUpdate":true,"showSkybox":false,"showFlares":true,"showImageEffects":true,"showParticleSystems":true,"showVisualEffectGraphs":true,"m_FxEnabled":true},"in2DMode":false,"pivot":{"x":0.5043520331382752,"y":0.28578490018844607,"z":0.927998423576355},"rotation":{"x":0.05459063500165939,"y":-0.8756946921348572,"z":0.10185041278600693,"w":0.46898558735847475},"size":1.282210111618042,"orthographic":false}