{"cameraMode":{"drawMode":0,"name":"Shaded","section":"Shading Mode"},"sceneLighting":false,"audioPlay":false,"sceneViewState":{"showFog":true,"showMaterialUpdate":true,"showSkybox":false,"showFlares":true,"showImageEffects":true,"showParticleSystems":true,"showVisualEffectGraphs":true,"m_FxEnabled":true},"in2DMode":false,"pivot":{"x":382.9278259277344,"y":243.12074279785157,"z":613.5543212890625},"rotation":{"x":-0.00035835994640365243,"y":0.9987335801124573,"z":-0.04978775233030319,"w":-0.007190580014139414},"size":1.4660253524780274,"orthographic":false}