{"cameraMode":{"drawMode":0,"name":"Shaded","section":"Shading Mode"},"sceneLighting":false,"audioPlay":false,"sceneViewState":{"showFog":true,"showMaterialUpdate":true,"showSkybox":false,"showFlares":true,"showImageEffects":true,"showParticleSystems":true,"showVisualEffectGraphs":true,"m_FxEnabled":true},"in2DMode":false,"pivot":{"x":6.393263816833496,"y":15.254609107971192,"z":39.76105880737305},"rotation":{"x":-0.0019186419667676092,"y":0.9893054962158203,"z":-0.14528153836727143,"w":-0.013058978132903576},"size":6.339380264282227,"orthographic":false}